category,group,n,accuracy,macro_f1,undertriage_rate,overtriage_rate,esi1_n,esi1_recall,esi1_undertriage
age_group,18-39,325,0.6676923076923077,0.4001605274122001,0.11384615384615385,0.21846153846153846,22,0.45454545454545453,0.5454545454545454
age_group,40-64,535,0.6149532710280374,0.41137113453439983,0.19626168224299065,0.18878504672897195,52,0.4807692307692308,0.5192307692307693
age_group,65+,513,0.5653021442495126,0.38109768708695135,0.1617933723196881,0.2729044834307992,58,0.3448275862068966,0.6551724137931034
gender,Female,676,0.6375739644970414,0.4045000743660296,0.16420118343195267,0.19822485207100593,50,0.38,0.62
gender,Male,697,0.5810616929698709,0.3980705605148358,0.16355810616929697,0.25538020086083213,82,0.43902439024390244,0.5609756097560976
race,BLACK/AFRICAN AMERICAN,144,0.5902777777777778,0.38610273654916516,0.13194444444444445,0.2777777777777778,15,0.3333333333333333,0.6666666666666666
race,BLACK/CAPE VERDEAN,22,0.7272727272727273,0.3735632183908046,0.045454545454545456,0.22727272727272727,0,,
race,HISPANIC/LATINO - PUERTO RICAN,35,0.7428571428571429,0.4712121212121212,0.14285714285714285,0.11428571428571428,2,0.5,0.5
race,OTHER,58,0.6379310344827587,0.42500000000000004,0.15517241379310345,0.20689655172413793,4,0.5,0.5
race,UNKNOWN,28,0.5357142857142857,0.36680672268907566,0.17857142857142858,0.2857142857142857,13,0.7692307692307693,0.23076923076923078
race,WHITE,914,0.5984682713347921,0.3870028908333903,0.18161925601750548,0.21991247264770242,88,0.3409090909090909,0.6590909090909091
race,WHITE - OTHER EUROPEAN,31,0.8064516129032258,0.5606060606060606,0.0967741935483871,0.0967741935483871,3,0.6666666666666666,0.3333333333333333
